,area,contours,radius,circle_dist,rect_dist,hull_radius,aspect_ratio,centroid_x,centroid_y,angle,column_weight_1,column_weight_2,column_weight_3,column_weight_4,row_weight_1,row_weight_2,row_weight_3,row_weight_4,num_holes,label
1728,294.0,48,10.0074546604,0.646169068953,0.193870256248,13.7598303385,0.617996660013,14.1473922902,14.7006802721,87.1375946999,1.0,4.0,4.0,0.0,2.0,3.0,2.0,2.0,1,8
1729,275.0,45,10.5527440956,0.722563441637,0.05444646098,13.5502045406,0.655172413793,15.6727272727,13.716969697,90.0,0.0,3.0,3.0,0.0,2.0,2.0,0.0,2.0,0,5
1730,279.0,55,9.5545436506,0.344616488348,0.120201844368,12.6063179464,1.41428570306,15.766427718,16.1971326165,-56.309928894,0.0,3.0,3.0,1.0,2.0,2.0,2.0,1.0,0,4
1731,251.0,43,10.6007255404,0.798957814321,0.0913793103448,14.3899229107,0.689655172414,19.0664010624,16.1434262948,90.0,0.0,2.0,4.0,2.0,2.0,1.0,2.0,3.0,0,3
1732,350.5,40,10.92442385,0.441950916354,0.216094133855,13.0069792832,1.49999995136,15.3009985735,17.1184022825,-71.5650482178,0.0,4.0,4.0,0.0,2.0,2.0,2.0,2.0,1,4
1733,268.0,37,10.2970045726,0.607682509987,0.0853858784893,14.9220141981,0.724137931034,15.9664179104,13.8768656716,90.0,0.0,3.0,4.0,0.0,2.0,1.0,2.0,2.0,0,3
1734,326.0,32,10.4631922381,0.978508168639,0.124521072797,13.6971002047,0.620689655172,14.091002045,13.3149284254,90.0,0.0,4.0,2.0,0.0,2.0,2.0,1.0,1.0,0,8
1735,300.5,37,11.2952036527,0.618205150853,0.163929041305,13.924302542,0.559412540419,15.4586799778,19.0859678314,64.5366535187,0.0,4.0,2.0,1.0,1.0,1.0,2.0,3.0,0,6
1736,206.0,44,10.5338122101,0.811690209769,0.185909136838,14.7569180071,0.631372560758,13.8284789644,17.8139158576,86.6335391998,0.0,4.0,1.0,0.0,1.0,1.0,1.0,2.0,0,2
1737,434.0,33,12.2007442837,0.617521179197,0.110707803993,12.981796789,0.655172413793,15.7357910906,15.2415514593,90.0,0.0,3.0,3.0,0.0,2.0,1.0,1.0,2.0,1,0
1738,298.0,37,10.2525193993,0.915632141739,0.0451032509259,12.6111077538,0.550295933053,16.9502237136,14.1498881432,83.2901630402,0.0,3.0,4.0,0.0,2.0,2.0,1.0,2.0,0,9
1739,269.5,51,10.1475262962,0.386834931126,0.116854953871,13.2193381328,0.673735773346,18.2721088435,14.6456400742,62.2414608002,0.0,2.0,4.0,1.0,2.0,2.0,2.0,1.0,0,1
1740,275.5,39,10.649711349,0.563408498545,0.196258126521,12.5196650606,0.556701041826,14.9927404719,18.7307924985,71.5650520325,0.0,4.0,2.0,0.0,1.0,1.0,2.0,2.0,0,6
1741,221.0,59,9.81948093157,0.46791553269,0.134722216474,12.3997256262,1.4,16.2888386124,15.8604826546,-57.9946174622,0.0,2.0,4.0,0.0,1.0,2.0,2.0,1.0,0,4
1742,272.0,55,10.2734204945,0.738478935946,0.0655211969065,13.9191354779,0.622119818642,16.1917892157,15.3829656863,87.3974378109,0.0,3.0,4.0,0.0,2.0,2.0,1.0,2.0,0,3
1743,276.0,42,9.95986300952,0.668187694964,0.129720853859,15.0308168271,0.724137931034,16.2481884058,17.3055555556,90.0,0.0,3.0,4.0,1.0,2.0,1.0,2.0,3.0,0,2
1744,226.0,45,9.90128853552,0.792591616598,0.153495426927,14.2924499041,0.632688969641,13.7824483776,16.5095870206,86.9872126579,0.0,4.0,2.0,0.0,1.0,2.0,1.0,2.0,0,2
1745,348.0,33,11.4440777977,0.880264376607,0.0708001810846,13.0789203921,0.552572728892,15.1125478927,15.7590996169,82.4053564072,0.0,4.0,4.0,0.0,2.0,2.0,2.0,2.0,0,1
1746,237.0,58,9.28728151899,0.741662034808,0.0798548094374,14.4302235258,0.655172413793,16.6561181435,16.1315049226,90.0,0.0,3.0,4.0,0.0,2.0,1.0,2.0,2.0,0,2
1747,297.5,40,11.0539168062,0.690732453019,0.178597610658,13.2081944944,0.599092277141,16.7182072829,18.9075630252,65.7722549438,0.0,4.0,3.0,0.0,2.0,1.0,2.0,2.0,1,6
1748,301.0,43,10.6362365501,1.21355644108,0.10775862069,13.6038441373,0.551724137931,14.2868217054,13.7286821705,90.0,0.0,4.0,3.0,0.0,2.0,2.0,2.0,1.0,1,8
1749,306.5,53,11.1796980858,0.607682509987,0.072249589491,14.8175538389,0.724137931034,16.1876019576,14.4203371397,90.0,0.0,3.0,4.0,0.0,2.0,2.0,1.0,2.0,0,3
1750,286.5,38,10.2022601042,1.07926945784,0.140754290504,12.8557217428,0.548913038833,14.5677719604,14.449098313,86.9872126579,0.0,4.0,3.0,0.0,2.0,2.0,2.0,1.0,0,8
1751,268.5,41,10.8383749843,0.633436673506,0.182371935874,12.4470629535,0.563609474959,14.6691495965,19.4984481688,57.7243537903,0.0,4.0,2.0,0.0,1.0,1.0,2.0,2.0,0,6
1752,263.0,56,10.5334683696,0.678000057571,0.0834845735027,13.6083322179,0.655172413793,15.9455006337,15.7896070976,90.0,0.0,3.0,4.0,0.0,2.0,2.0,1.0,2.0,0,3
1753,309.5,39,11.2579402649,0.560330626092,0.0815034389029,13.6198355958,0.644898015544,16.0328486807,14.3441033926,82.8749833107,0.0,3.0,4.0,0.0,2.0,2.0,1.0,2.0,1,9
1754,304.5,46,11.9476071134,0.74484513367,0.0659805768532,13.7439241615,0.649155710707,15.7427476738,13.702244116,86.8201699257,0.0,3.0,4.0,0.0,2.0,2.0,1.0,2.0,1,9
1755,450.5,37,12.3000679308,0.719380342775,0.109112023839,13.1052741633,0.641221446652,15.1945985942,15.4546799852,81.2538375854,0.0,4.0,3.0,0.0,2.0,1.0,2.0,2.0,1,0
1756,219.0,41,10.6241451524,0.875352187005,0.0224137931034,15.0018927753,0.689655172414,16.195585997,14.9086757991,90.0,0.0,3.0,4.0,0.0,2.0,2.0,1.0,2.0,0,5
1757,200.0,57,10.2961607702,0.998156927045,0.0804597701149,14.1969927069,0.620689655172,16.3916666667,16.1758333333,90.0,0.0,3.0,4.0,0.0,2.0,2.0,1.0,2.0,0,3
1758,283.5,59,10.6623710903,0.760760627979,0.0725264478682,14.1284732329,0.654822326496,16.6925338036,16.3603762493,87.1375946999,0.0,2.0,4.0,0.0,2.0,1.0,1.0,2.0,0,3
1759,297.5,49,9.62087906498,0.620704278058,0.150095922848,13.0750478448,0.660472975284,15.2117647059,13.180952381,81.4692344666,0.0,3.0,3.0,0.0,2.0,2.0,1.0,1.0,0,9
1760,284.0,50,9.69332065662,0.336724507699,0.169496904887,12.38681402,1.21857926927,16.4935446009,15.4372065728,-54.4623222351,0.0,2.0,4.0,1.0,1.0,3.0,2.0,1.0,0,4
1761,270.5,41,10.339777304,0.601605684887,0.203983155382,12.5767296195,0.671968117516,15.1836105977,11.370918053,73.610458374,0.0,3.0,3.0,0.0,2.0,2.0,1.0,1.0,1,9
1762,332.0,39,12.1493257407,0.549807985227,0.0498756094176,13.1910728192,0.61038956364,16.3097389558,13.281124498,78.6900672913,0.0,3.0,4.0,0.0,2.0,2.0,1.0,2.0,1,9
1763,368.5,40,11.2216818055,0.690732453019,0.0834845735027,13.2688129213,0.655172413793,16.6010854817,13.9950248756,90.0,0.0,4.0,4.0,0.0,2.0,2.0,2.0,2.0,1,9
1764,221.5,37,9.81329146083,1.3641852265,0.0589147778461,12.7518102472,2.36334407568,12.7434161023,14.4409330324,-85.4260787964,0.0,4.0,1.0,0.0,2.0,1.0,1.0,1.0,0,1
1765,228.5,34,9.87196283006,0.989744802353,0.0455437533518,11.9741251051,2.54920641727,12.9649890591,14.2516411379,-74.9315109253,0.0,4.0,1.0,0.0,2.0,1.0,1.0,1.0,0,1
1766,334.5,52,10.6603840805,0.435465608182,0.165616898612,14.0645714307,0.641061453266,16.3129048331,18.706527155,69.1455440521,0.0,4.0,3.0,2.0,2.0,1.0,3.0,3.0,0,6
1767,251.5,52,10.3079253417,0.716197243914,0.036271243357,13.7874510792,0.61079539838,16.4108681246,15.2723658052,85.2363581657,0.0,3.0,4.0,0.0,2.0,1.0,2.0,2.0,0,3
1768,226.5,46,10.319072515,0.702386277777,0.203612479475,15.1295454662,0.724137931034,16.8741721854,11.9948491538,90.0,0.0,3.0,3.0,1.0,3.0,1.0,2.0,1.0,0,7
1769,225.0,46,11.1592208352,0.623466471286,0.125334357848,15.1319780055,0.65414715284,15.077037037,17.3837037037,84.5596680641,0.0,2.0,4.0,0.0,2.0,1.0,1.0,2.0,0,2
1770,344.0,33,11.1655220292,0.481885799917,0.199391028933,13.4315862595,0.616438294539,14.9728682171,19.6177325581,63.4349498749,0.0,4.0,2.0,1.0,1.0,1.0,2.0,3.0,1,6
1771,430.5,26,12.5041073897,0.630253574644,0.107078039927,13.2642135814,0.655172413793,15.2922957801,15.3372048006,90.0,0.0,4.0,3.0,0.0,2.0,1.0,2.0,2.0,1,0
1772,264.5,34,10.040847261,2.20164337944,0.0335651540141,12.9891076445,0.393700788684,14.6798991808,15.6156269691,87.7974019051,0.0,4.0,4.0,0.0,2.0,2.0,2.0,2.0,0,1
1773,295.5,41,10.4660364124,0.665267662124,0.197789522359,13.8080958683,1.56097558185,18.0107163001,15.8702763677,-63.4349517822,0.0,1.0,4.0,0.0,1.0,1.0,2.0,1.0,0,1
1774,260.0,40,10.7040063798,0.594529208905,0.143822313616,15.1932653352,1.41732291139,17.1301282051,14.1326923077,-86.8201675415,0.0,3.0,3.0,1.0,3.0,1.0,2.0,1.0,0,7
1775,224.5,54,9.58264856754,0.579323992854,0.19274849493,12.9308666796,0.657894794934,17.010393467,12.8329621381,75.9637556076,0.0,2.0,3.0,0.0,2.0,1.0,2.0,0.0,0,7
1776,268.5,49,10.1247377513,0.868985989282,0.0568965517241,14.7095757232,0.689655172414,18.0726256983,13.4407200497,90.0,0.0,2.0,4.0,0.0,2.0,1.0,1.0,2.0,0,3
1777,234.5,42,10.2201038964,0.98243792032,0.0655935355611,13.0021401215,0.592216556148,17.6112295665,13.4093816631,87.1375946999,0.0,3.0,4.0,0.0,2.0,2.0,1.0,2.0,0,9
1778,207.5,51,9.56494356645,0.840966859794,0.119842300421,13.0870449261,0.576070952243,14.7477911647,14.6987951807,85.0302591324,0.0,2.0,3.0,0.0,2.0,1.0,1.0,1.0,0,5
1779,275.0,44,11.2568354384,0.811690209769,0.0,14.1263242953,0.655172413793,17.6672727273,15.04,90.0,0.0,3.0,4.0,0.0,2.0,2.0,1.0,2.0,0,3
1780,267.5,41,10.2770093888,0.617521179197,0.135815405153,13.7401092755,0.592267157723,15.5401869159,15.1146417445,83.9909939766,0.0,3.0,4.0,0.0,2.0,2.0,1.0,2.0,0,1
1781,361.0,46,10.9765333775,1.00601643041,0.0842911877395,13.8295066361,0.620689655172,15.8439519852,16.5180055402,90.0,0.0,4.0,4.0,0.0,2.0,2.0,2.0,2.0,2,8
1782,244.0,60,9.5561078367,0.713014145052,0.0333988182014,14.0741488164,0.575638511665,17.1017759563,14.6980874317,83.2901630402,0.0,3.0,4.0,0.0,2.0,1.0,2.0,2.0,0,3
1783,343.5,44,11.0887157673,0.531393363712,0.175697865353,13.2405997114,0.724137931034,14.8985929161,18.9626394954,90.0,0.0,4.0,2.0,0.0,1.0,1.0,2.0,2.0,1,6
1784,283.0,45,9.70856841874,0.668450760986,0.237931034483,13.1912360242,0.689655172414,16.1908127208,12.8939929329,90.0,1.0,2.0,4.0,0.0,2.0,3.0,1.0,1.0,0,1
1785,226.5,39,9.8192649586,0.636619772368,0.272706549349,13.077669257,1.6424730696,18.0058866814,13.8690213392,-87.27368927,0.0,1.0,4.0,0.0,1.0,2.0,1.0,1.0,0,1
1786,434.0,30,11.4329533694,0.767126825703,0.0471869328494,14.0209085656,0.655172413793,15.6482334869,14.7841781874,90.0,0.0,4.0,4.0,0.0,2.0,2.0,2.0,2.0,2,8
1787,444.5,41,11.6063787222,0.802140913183,0.005444646098,13.9828559568,0.655172413793,15.8522684664,15.1286089239,90.0,0.0,4.0,4.0,0.0,2.0,2.0,2.0,2.0,2,8
1788,378.0,44,11.2564379209,0.703464848466,0.0985577549802,13.6760394816,0.640151498131,15.6547619048,14.4603174603,86.8201699257,0.0,4.0,4.0,0.0,2.0,2.0,2.0,2.0,1,8
1789,201.0,51,10.1579793575,1.03745444386,0.0101419878296,14.8557781581,0.586206896552,17.3316749585,14.8067993367,90.0,0.0,2.0,4.0,0.0,2.0,1.0,1.0,2.0,0,3
1790,273.0,57,9.681234037,0.457734877653,0.149056112117,13.6116481178,0.677799608333,13.7234432234,16.8547008547,83.290163517,0.0,4.0,3.0,0.0,2.0,1.0,2.0,2.0,0,8
1791,262.0,54,9.24131573865,0.281480643154,0.173441714538,12.2978191606,1.53658551555,14.8078880407,16.0737913486,-63.4349517822,0.0,4.0,3.0,0.0,1.0,2.0,2.0,2.0,0,4
1792,206.5,57,8.82976923506,0.789880087938,0.0954974122804,12.8189546389,1.79835407991,16.2001614205,14.390637611,-86.1859207153,0.0,3.0,3.0,0.0,2.0,1.0,2.0,1.0,0,7
1793,414.5,44,11.7218729306,0.576140893993,0.134301270417,12.6079904946,0.655172413793,15.4780860474,15.7848813832,90.0,0.0,4.0,4.0,0.0,2.0,2.0,2.0,2.0,1,0
1794,327.5,37,11.2298058652,0.57611458739,0.209258378462,12.7371935045,0.564406786501,16.2936386768,19.3450381679,60.642244339,0.0,4.0,2.0,1.0,1.0,1.0,2.0,3.0,1,6
1795,411.0,31,11.6334474968,0.915632141739,0.109195402299,12.623053624,0.620689655172,16.0879967559,15.6909975669,90.0,0.0,4.0,3.0,0.0,2.0,2.0,1.0,2.0,1,0
1796,293.5,43,10.3284776288,0.633436673506,0.129443775433,13.077824178,0.631399327882,15.3628620102,17.9687677456,75.2564373016,0.0,4.0,3.0,0.0,2.0,1.0,2.0,2.0,0,6
1797,242.0,52,9.67099162459,0.884194128288,0.13601532567,13.6535973745,0.620689655172,14.7568870523,18.8278236915,90.0,0.0,4.0,2.0,0.0,1.0,1.0,2.0,2.0,0,4
1798,228.0,65,10.8733812085,0.821239506354,0.005444646098,14.3626711539,0.655172413793,16.7434210526,14.9217836257,90.0,0.0,3.0,4.0,0.0,2.0,2.0,1.0,2.0,0,3
1799,407.5,29,11.3458184208,0.91956189342,0.107279693487,12.450327123,0.620689655172,15.2899795501,15.1038854806,90.0,0.0,4.0,4.0,0.0,2.0,2.0,2.0,2.0,1,0
1800,219.5,47,9.86260238122,0.62388737692,0.148933412543,12.7128600171,1.83941607168,14.6818526955,13.4943052392,-78.2317123413,0.0,3.0,3.0,0.0,2.0,1.0,2.0,1.0,0,5
1801,251.5,20,10.4156501872,1.95406902352,0.00922357692216,12.0284584017,2.70552163913,15.2584493042,15.4406891981,-86.1859207153,0.0,4.0,4.0,0.0,2.0,2.0,2.0,2.0,0,1
1802,297.0,53,10.0047869339,0.725746540499,0.075231289784,13.4919315198,0.645066273646,16.682379349,14.9955106622,85.0302591324,0.0,3.0,4.0,0.0,2.0,1.0,2.0,2.0,0,3
1803,268.0,47,10.2909510833,1.05710320226,0.0327325468986,14.1942288558,0.552785912803,16.151119403,13.4284825871,87.5104472637,0.0,3.0,4.0,0.0,2.0,2.0,1.0,2.0,1,9
1804,236.0,49,9.92852194408,0.618205150853,0.152037617555,14.6289136052,0.758620689655,14.5642655367,17.2888418079,90.0,0.0,3.0,3.0,0.0,2.0,1.0,1.0,2.0,0,2
1805,268.0,48,10.4944501328,0.576140893993,0.200870079434,13.9629395214,0.612903211486,16.5074626866,18.4465174129,75.9637556076,0.0,3.0,3.0,1.0,2.0,1.0,2.0,2.0,1,6
1806,195.0,56,9.84942934927,0.751211331394,0.0832637959246,13.8696582485,1.52108426191,16.1803418803,14.7324786325,-86.6335449219,0.0,3.0,3.0,0.0,2.0,1.0,1.0,2.0,0,5
1807,268.0,48,10.2320692826,0.95099990687,0.0919540229885,13.1583218292,0.620689655172,14.9751243781,17.95460199,90.0,0.0,4.0,3.0,0.0,2.0,1.0,2.0,2.0,1,6
1808,234.5,41,10.2799876857,0.642985970091,0.289655172414,13.1040953979,0.689655172414,18.7789623312,10.5828002843,90.0,0.0,2.0,4.0,1.0,3.0,2.0,1.0,1.0,0,9
1809,213.5,50,10.1671111173,0.814873308631,0.215970961887,13.3916667845,0.655172413793,18.9461358314,12.3786104606,90.0,0.0,3.0,3.0,1.0,3.0,1.0,2.0,1.0,0,7
1810,228.5,38,9.83110243791,0.750582571125,0.243295019157,13.9010803664,0.620689655172,17.5915390226,14.6564551422,90.0,0.0,1.0,4.0,0.0,1.0,2.0,1.0,1.0,0,1
1811,261.0,42,10.2484212869,0.687549354157,0.147005444646,13.351347125,0.655172413793,16.6315453384,12.8780332056,90.0,0.0,3.0,3.0,1.0,3.0,1.0,2.0,1.0,0,7
1812,305.5,40,10.3657624671,0.610313170204,0.0923753293968,14.4219723472,0.594915260877,13.63066012,15.0867430442,81.0273733139,0.0,4.0,3.0,0.0,2.0,2.0,1.0,2.0,0,2
1813,260.0,42,11.2651036495,0.7977395913,0.18348009188,12.2139838612,0.609699736937,17.0846153846,12.1301282051,86.1859250069,0.0,2.0,4.0,0.0,2.0,2.0,1.0,1.0,1,9
1814,268.0,42,10.5781932012,0.702386277777,0.0525451559934,16.0679262825,0.724137931034,19.3544776119,13.1536069652,90.0,0.0,2.0,4.0,1.0,3.0,1.0,1.0,2.0,0,3
1815,272.0,44,10.5414136765,0.563408498545,0.228675136116,11.9821172691,0.655172413793,16.8468137255,11.5833333333,90.0,0.0,2.0,3.0,0.0,2.0,2.0,1.0,0.0,1,9
1816,259.0,60,10.1366856636,0.568222606741,0.0345663934562,14.3944058451,0.660377416289,15.7471042471,14.7059202059,83.6598086357,0.0,3.0,4.0,0.0,2.0,2.0,1.0,2.0,0,5
1817,327.0,44,10.9579448935,0.520870722846,0.189332492802,12.4944365997,1.57534227768,17.7777777778,11.9403669725,-79.6951522827,0.0,3.0,4.0,2.0,3.0,3.0,1.0,2.0,0,9
1818,207.5,55,9.96718618662,0.531393363712,0.0755592225828,14.0244024311,0.590106072278,16.4578313253,15.2626506024,77.4711923599,0.0,2.0,4.0,0.0,2.0,1.0,1.0,2.0,0,3
1819,454.0,33,12.4156658796,0.662084563262,0.0852994555354,12.8396113048,0.655172413793,15.3212187959,15.6365638767,90.0,0.0,3.0,2.0,0.0,2.0,1.0,0.0,2.0,1,0
1820,252.5,59,10.4574145618,0.589267888472,0.0406946111697,14.2513374229,0.63815788295,18.0765676568,14.9174917492,78.6900672913,0.0,3.0,4.0,0.0,2.0,1.0,2.0,2.0,0,3
1821,295.5,54,9.54208557758,0.305046974259,0.154696923849,13.3696487041,1.20253170948,16.0282007896,17.3130287648,-56.3099365234,1.0,2.0,3.0,1.0,1.0,2.0,3.0,1.0,0,4
1822,497.5,31,12.5734460787,0.51824006263,0.0919540229885,13.5961382512,0.724137931034,15.8787269682,15.3691792295,90.0,0.0,4.0,3.0,1.0,2.0,2.0,2.0,2.0,1,0
1823,500.0,26,12.9528650143,0.560330626092,0.0821018062397,13.7511190109,0.724137931034,16.542,15.2746666667,90.0,1.0,4.0,2.0,2.0,2.0,3.0,2.0,2.0,1,0
1824,209.0,51,9.48435586418,0.639802871229,0.15208888317,13.5042376736,1.58333335853,15.6985645933,13.5637958533,-83.2901611328,0.0,3.0,3.0,0.0,2.0,1.0,1.0,2.0,0,5
1825,428.0,34,12.3727275889,0.595239487164,0.123411978221,13.077522062,0.655172413793,16.0790498442,16.0237538941,90.0,0.0,4.0,4.0,0.0,2.0,2.0,2.0,2.0,1,0
1826,252.5,51,10.0791749573,0.636619772368,0.144827586207,13.3808177845,0.689655172414,15.8442244224,14.4138613861,90.0,0.0,3.0,3.0,0.0,2.0,1.0,2.0,1.0,0,7
1827,364.0,32,11.9249462182,1.01387593377,0.0651340996169,13.6189115489,0.620689655172,15.8356227106,17.0993589744,90.0,0.0,4.0,4.0,0.0,2.0,2.0,2.0,2.0,0,1
1828,239.5,47,9.67955175902,0.652535266677,0.141560798548,13.3852590127,0.655172413793,18.2574808629,14.2665274878,90.0,0.0,3.0,2.0,2.0,3.0,1.0,2.0,1.0,0,7
1829,224.0,59,10.1509518877,0.70983104619,0.178545276634,13.3059186393,0.561403491911,14.4352678571,17.806547619,68.1985931396,0.0,4.0,1.0,1.0,1.0,1.0,1.0,3.0,0,6
1830,334.5,40,11.6633380289,0.671633859848,0.218796878714,12.8060141962,0.58249153333,15.1798704534,19.3069257598,57.9946174622,0.0,4.0,2.0,0.0,1.0,1.0,2.0,2.0,1,6
1831,303.5,40,11.487310199,0.697098650743,0.14516526054,13.5252495675,0.556187684788,15.8330587589,19.574409665,61.1892051697,0.0,4.0,2.0,1.0,1.0,1.0,2.0,3.0,1,6
1832,298.5,45,10.3630206803,0.884194128288,0.0933062880325,13.1111559972,0.586206896552,15.3930764936,13.8163037409,90.0,0.0,3.0,4.0,0.0,2.0,2.0,1.0,2.0,0,9
1833,306.0,46,10.4337902083,0.407752333541,0.138725466811,13.4416509234,0.647355137392,17.8736383442,15.2848583878,72.8972702026,0.0,2.0,4.0,1.0,2.0,2.0,2.0,1.0,0,1
1834,260.0,40,10.1729068662,0.77985922115,0.0455190296679,14.7935253932,0.570570548912,15.1461538462,14.9397435897,84.8055710793,0.0,3.0,3.0,0.0,2.0,1.0,1.0,2.0,0,3
1835,297.5,43,11.799772099,0.760760627979,0.0804343519301,13.1307046734,0.665589688256,16.21232493,13.1462184874,84.5596675873,0.0,3.0,4.0,0.0,2.0,2.0,1.0,2.0,0,9
1836,286.0,47,9.73924564866,0.4814108196,0.201245843011,13.0015300174,0.732928736499,18.4545454545,13.1905594406,72.3498764038,0.0,2.0,4.0,2.0,3.0,2.0,2.0,1.0,0,7
1837,337.0,50,10.4389774986,0.697098650743,0.127041742287,13.0845007494,0.655172413793,14.253214639,13.0212660732,90.0,0.0,4.0,2.0,0.0,2.0,2.0,1.0,1.0,1,8
1838,384.5,39,10.8650873295,0.735295837085,0.0805947847224,13.8630901702,1.61363643098,15.8318162115,15.3610749892,-81.8698959351,0.0,4.0,4.0,0.0,2.0,2.0,2.0,2.0,1,8
1839,317.0,50,9.62637125974,0.636619772368,0.172772902631,14.5668566632,0.698447936848,15.0257623554,17.4143007361,86.1859254837,0.0,4.0,3.0,1.0,2.0,2.0,1.0,3.0,0,2
1840,200.5,59,9.21375685362,0.665267662124,0.0989383477956,13.6242061129,0.608888902226,16.2917705736,14.3391521197,85.0302591324,0.0,3.0,3.0,0.0,2.0,1.0,1.0,2.0,0,2
1841,454.0,31,12.4662858124,0.67481695871,0.0780399274047,13.0592244482,0.655172413793,16.0414831131,15.7863436123,90.0,0.0,4.0,2.0,0.0,2.0,1.0,1.0,2.0,1,0
1842,246.5,58,9.41243912302,0.576140893993,0.199637023593,12.4069177482,0.655172413793,16.1433400947,17.4361054767,90.0,0.0,2.0,3.0,0.0,1.0,1.0,2.0,1.0,0,4
1843,236.0,60,8.60949842194,0.407436654315,0.201502366777,11.7664592136,1.61445767579,15.2132768362,16.9435028249,-68.9624862671,0.0,2.0,3.0,0.0,1.0,1.0,2.0,1.0,0,4
1844,251.0,44,11.1376185573,0.568222606741,0.0419772431643,13.9301056359,0.60804768851,17.5146082337,13.1215139442,82.2348337173,0.0,3.0,4.0,1.0,2.0,2.0,2.0,2.0,0,9
1845,324.5,27,11.6382673571,0.563408498545,0.148374055702,13.7569818242,0.525641034433,16.4196199281,16.5757575758,78.6900672913,0.0,4.0,4.0,0.0,2.0,2.0,2.0,2.0,0,1
1846,305.5,36,10.2596631305,0.652338779093,0.200811359026,12.5292056784,0.586206896552,17.3971631206,14.9367157665,90.0,0.0,2.0,4.0,0.0,1.0,2.0,2.0,1.0,0,1
1847,355.0,38,10.8960977727,0.642985970091,0.152724154458,13.6982503593,0.633699636249,16.4596244131,15.7450704225,83.6598081589,0.0,3.0,4.0,0.0,2.0,2.0,2.0,1.0,0,1
1848,260.0,44,11.0219076627,0.633989112151,0.0591133004926,14.7562680657,0.724137931034,16.0512820513,13.0583333333,90.0,0.0,3.0,3.0,1.0,3.0,1.0,1.0,2.0,0,2
1849,222.0,46,10.1233284985,0.644511753017,0.197044334975,14.9538369179,0.724137931034,12.6719219219,18.1418918919,90.0,0.0,4.0,1.0,0.0,1.0,1.0,1.0,2.0,0,2
1850,337.0,42,10.651970127,0.598422586026,0.206896551724,12.2051778097,0.689655172414,16.6834817013,12.6107814045,90.0,0.0,3.0,4.0,0.0,2.0,2.0,2.0,1.0,1,9
1851,376.0,33,11.7739864575,0.962789161914,0.0193972704121,13.2978110403,1.75301204193,15.0101950355,15.2579787234,-84.2894058228,0.0,4.0,4.0,0.0,2.0,2.0,2.0,2.0,0,1
1852,285.5,49,10.6904655906,0.805324012045,0.0400123116543,14.0677147889,0.648702611892,16.4208990076,13.7343841214,86.6335394382,0.0,2.0,4.0,0.0,2.0,1.0,1.0,2.0,0,3
1853,302.5,37,9.91648606615,0.550676103098,0.201410360744,13.6636899064,0.624595458546,17.1768595041,15.1261707989,87.2736890316,0.0,2.0,4.0,0.0,1.0,2.0,2.0,1.0,0,1
1854,301.5,38,10.9615365607,0.687549354157,0.170738711613,12.9837706523,0.614130455344,15.6008844666,19.4521835268,80.5376777649,0.0,4.0,2.0,0.0,1.0,1.0,2.0,2.0,1,6
1855,293.5,63,9.93187649112,0.41564431419,0.192118226601,12.5133834216,0.724137931034,16.4605337876,14.4162407723,90.0,0.0,3.0,4.0,0.0,2.0,2.0,2.0,1.0,0,4
1856,363.0,23,12.0354678651,1.15387333742,0.0271604938272,13.0267903401,0.555555555556,15.3728191001,15.3360881543,90.0,0.0,4.0,4.0,0.0,2.0,2.0,2.0,2.0,0,1
1857,450.0,32,12.6120815776,0.678000057571,0.0798548094374,13.3911518866,0.655172413793,14.8525925926,15.5522222222,90.0,0.0,4.0,4.0,0.0,2.0,2.0,2.0,2.0,1,0
1858,242.0,55,9.50430568146,0.722563441637,0.116107814034,14.0260881202,0.554687520372,14.7210743802,17.0199724518,79.3803453445,0.0,3.0,2.0,0.0,1.0,1.0,1.0,2.0,0,2
1859,340.0,44,11.4493130712,0.770309924565,0.0358462083092,13.5929018779,0.608433744879,16.2696078431,13.8504901961,84.8055710793,0.0,3.0,4.0,0.0,2.0,2.0,1.0,2.0,1,9
1860,262.0,35,10.7386438472,0.767126825703,0.253604252291,13.6953771128,0.52387839039,14.4262086514,19.9026717557,62.2414608002,0.0,4.0,2.0,0.0,1.0,1.0,2.0,2.0,0,6
1861,265.5,46,9.49670131042,0.652403733666,0.238244514107,14.8229297965,0.758620689655,17.0558694288,11.8581293158,90.0,0.0,3.0,3.0,1.0,3.0,1.0,2.0,1.0,0,7
1862,241.5,59,9.76340833423,0.541126806512,0.230947393695,12.5578311155,1.5,15.8240165631,16.8826777088,-77.4711914062,0.0,2.0,4.0,0.0,1.0,2.0,2.0,1.0,0,4
1863,263.0,43,11.0324382414,0.570853266958,0.218846161143,13.4935746455,0.558998758459,16.4765525982,20.2116603295,65.3764362335,0.0,4.0,2.0,1.0,1.0,1.0,2.0,3.0,1,6
1864,361.5,49,10.7665313276,0.320520371505,0.186035227262,13.5961234423,1.5645514978,17.1383125864,12.5348086676,-72.3498840332,0.0,3.0,4.0,1.0,3.0,2.0,2.0,1.0,1,9
1865,236.0,53,9.76232451479,1.14748749093,0.00383141762452,14.4649428569,0.620689655172,16.822740113,15.0169491525,90.0,0.0,3.0,4.0,0.0,2.0,2.0,1.0,2.0,0,3
1866,449.5,36,12.3772734412,0.6589014644,0.0871143375681,12.9881513755,0.655172413793,15.3585465332,15.5368928439,90.0,0.0,2.0,3.0,0.0,2.0,1.0,0.0,2.0,1,0
1867,342.5,44,11.8435445359,0.536654684145,0.19178383707,13.1980974758,0.573149746077,16.3941605839,19.1678832117,60.642244339,0.0,4.0,2.0,2.0,1.0,1.0,3.0,3.0,1,6
1868,236.0,43,9.86607037492,0.506112719032,0.297780611848,13.5908567761,0.638297926626,17.8043785311,15.0480225989,88.0250660181,0.0,2.0,4.0,0.0,1.0,2.0,2.0,1.0,0,1
1869,441.5,32,12.0410010771,0.636619772368,0.103448275862,12.7833018379,0.655172413793,15.6817667044,16.4873537184,90.0,0.0,4.0,2.0,0.0,2.0,1.0,1.0,2.0,1,0
1870,448.5,36,12.2508446852,0.678000057571,0.11841022483,12.900964787,0.654275184832,15.7138610182,16.2798216276,83.6598086357,0.0,4.0,3.0,0.0,2.0,2.0,1.0,2.0,1,0
1871,507.0,29,12.99102791,0.539285344361,0.0788177339901,13.7032388484,0.724137931034,15.5562130178,15.8057199211,90.0,1.0,2.0,2.0,1.0,2.0,0.0,2.0,2.0,1,0
1872,418.0,43,10.7964595386,0.605051849771,0.0267510812893,14.4139778612,0.651515109922,15.3110047847,15.5693779904,84.8055706024,0.0,4.0,4.0,0.0,2.0,2.0,2.0,2.0,2,8
1873,218.0,57,9.74768691405,0.636619772368,0.175177869489,13.5764096684,1.58232946006,15.9541284404,12.875382263,-85.6012878418,0.0,3.0,3.0,0.0,2.0,1.0,2.0,1.0,0,7
1874,398.0,40,11.3076277915,1.12390898085,0.00766283524904,13.9722962228,0.620689655172,14.6691792295,15.3132328308,90.0,0.0,4.0,4.0,0.0,2.0,2.0,2.0,2.0,2,8
1875,261.5,43,9.95972802118,0.738793316081,0.15144299935,13.160187776,0.559701533418,14.5181644359,15.5258126195,83.6598086357,0.0,4.0,4.0,0.0,2.0,2.0,2.0,2.0,0,1
1876,242.0,45,11.0112150508,0.802140913183,0.0793957716831,15.4815977103,0.644216677232,17.8546831956,16.8863636364,87.5104470253,0.0,2.0,4.0,1.0,2.0,1.0,1.0,3.0,0,2
1877,458.5,36,12.6017959241,0.728929639361,0.0471869328494,13.1162701708,0.655172413793,15.185387132,15.7651762995,90.0,0.0,4.0,4.0,0.0,2.0,2.0,2.0,2.0,1,0
1878,153.0,47,9.15032392485,1.0693222739,0.171828609976,12.5233871594,2.06034481424,12.4880174292,12.8289760349,-77.7352218628,0.0,4.0,1.0,0.0,2.0,1.0,1.0,1.0,0,5
1879,236.0,31,10.2048602668,1.86564961069,0.000231971959783,12.4965452663,2.73191490503,14.5847457627,15.2111581921,-87.3974456787,0.0,4.0,4.0,0.0,2.0,2.0,2.0,2.0,0,1
1880,317.5,30,11.3897806387,0.700281749604,0.206971629158,12.9726073686,0.629629627271,15.3968503937,19.5632545932,56.3099327087,0.0,4.0,2.0,0.0,1.0,1.0,2.0,2.0,1,6
1881,215.0,31,10.6805014296,0.646169068953,0.0962116768816,14.1024825218,0.532026131001,15.8480620155,14.0387596899,80.9097223282,0.0,3.0,4.0,0.0,2.0,2.0,1.0,2.0,0,2
1882,224.0,51,10.671951853,0.665267662124,0.103389077838,13.7008229542,0.601475978307,16.2113095238,15.4717261905,83.6598081589,0.0,3.0,4.0,0.0,2.0,2.0,1.0,2.0,0,3
1883,274.5,54,10.0014880601,0.460365537869,0.151067323481,13.6889312385,0.724137931034,14.8281724347,13.7887067395,90.0,0.0,4.0,3.0,0.0,2.0,2.0,2.0,1.0,0,7
1884,254.5,45,9.37061222027,0.778675424053,0.228243021346,16.0364059538,0.724137931034,17.1624099542,12.201702685,90.0,0.0,3.0,3.0,1.0,3.0,1.0,2.0,1.0,0,7
1885,359.5,38,11.5238195493,0.681183156433,0.128856624319,13.1797426764,0.655172413793,16.2605470561,17.6351414001,90.0,0.0,4.0,3.0,1.0,2.0,1.0,3.0,2.0,1,6
1886,369.5,45,11.4172138583,0.552438645443,0.0677881609446,13.8177796153,0.652582153976,16.2025259359,14.1141181777,81.8698978424,0.0,3.0,4.0,0.0,2.0,2.0,1.0,2.0,1,9
1887,371.5,38,10.7065038339,0.697098650743,0.10889292196,13.6205775362,0.655172413793,14.5370121131,14.2525796321,90.0,0.0,4.0,4.0,0.0,2.0,2.0,2.0,2.0,1,8
1888,263.5,34,10.1125075083,0.785950336256,0.210727969349,13.1590119875,0.620689655172,16.8266919671,14.0120177103,90.0,0.0,1.0,4.0,0.0,1.0,2.0,1.0,1.0,0,1
1889,279.0,68,10.1685217239,0.318309886184,0.0933864642867,14.0942671661,1.48837212762,15.6391875747,16.408004779,-63.4349517822,1.0,2.0,4.0,1.0,1.0,3.0,3.0,1.0,0,4
1890,259.0,46,10.2669664397,0.594529208905,0.0621708091318,14.8433905493,0.593607289626,15.9453024453,14.9749034749,81.8698978424,0.0,3.0,4.0,1.0,2.0,2.0,1.0,3.0,0,3
1891,418.5,34,11.6232392022,0.763943726841,0.0768215339259,13.9163313988,0.640102822504,15.9418558343,16.1816009558,85.6012945175,0.0,4.0,4.0,1.0,2.0,2.0,2.0,3.0,2,8
1892,206.0,45,10.2193244542,1.05317345058,0.0536398467433,13.0880912247,0.620689655172,17.3098705502,15.2920711974,90.0,0.0,3.0,3.0,1.0,2.0,2.0,1.0,2.0,0,5
1893,309.5,43,10.3058944364,0.88812387997,0.0913779627025,12.8633556848,0.55595669268,15.0263866451,17.3785675821,77.4711914062,0.0,4.0,3.0,0.0,2.0,1.0,2.0,2.0,1,6
1894,274.5,45,9.85952166099,0.770309924565,0.177429669027,13.5615869221,1.65292086651,19.9684274438,13.058287796,-86.4236679077,0.0,2.0,4.0,2.0,3.0,2.0,2.0,1.0,0,7
1895,320.5,48,10.7249032126,0.473518838951,0.132178360368,12.9193629695,0.575342525584,15.5631825273,18.0494019761,70.7099571228,0.0,4.0,3.0,1.0,2.0,1.0,2.0,3.0,1,6
1896,319.0,32,10.2210702163,1.21355644108,0.0110869303101,13.9270661441,2.01101927542,16.4299895507,16.0632183908,-87.7093887329,0.0,4.0,4.0,0.0,2.0,2.0,2.0,2.0,0,1
1897,203.0,60,9.80030190126,0.783042320012,0.070780399274,14.9874023334,0.655172413793,17.5385878489,14.8045977011,90.0,0.0,2.0,4.0,0.0,2.0,1.0,1.0,2.0,0,3
1898,303.0,53,10.0586079547,0.327151827467,0.146795556921,14.0053638544,1.41590217141,16.1639163916,14.8657865787,-75.0685806274,0.0,3.0,3.0,0.0,2.0,1.0,2.0,1.0,0,7
1899,275.0,42,10.3486993094,0.649352167815,0.175613524545,12.7658042262,0.55067567107,14.5515151515,19.6527272727,62.1027297974,0.0,4.0,2.0,0.0,1.0,1.0,2.0,2.0,0,6
1900,245.5,44,8.96340169888,0.923491645101,0.113590263692,13.7623187709,0.586206896552,17.2837746096,13.2987101154,90.0,0.0,4.0,3.0,0.0,2.0,2.0,2.0,1.0,0,7
1901,279.0,52,9.19321301837,0.671633859848,0.15,14.2048723146,0.689655172414,16.3172043011,13.2037037037,90.0,0.0,4.0,3.0,0.0,2.0,2.0,2.0,1.0,0,7
1902,468.0,30,12.7606409697,0.741662034808,0.0399274047187,13.2074102342,0.655172413793,15.8137464387,15.5833333333,90.0,0.0,3.0,4.0,0.0,2.0,1.0,2.0,2.0,1,0
1903,268.0,47,9.48956319383,0.355139129213,0.216869925718,13.1597215419,0.750649410857,15.960199005,14.315920398,72.8972740173,0.0,3.0,3.0,0.0,2.0,1.0,2.0,1.0,0,7
1904,254.5,54,10.0168940321,0.821239506354,0.0448275862069,14.7032709159,0.689655172414,14.5500982318,14.7197118533,90.0,0.0,3.0,3.0,0.0,2.0,1.0,1.0,2.0,0,5
1905,224.5,38,10.3596164382,0.62388737692,0.280230808691,13.6364098335,0.591152816106,17.5946547884,18.2657757981,78.231710434,0.0,1.0,4.0,1.0,1.0,1.0,2.0,2.0,0,6
1906,344.5,45,10.401594753,0.966718913595,0.086943602371,13.5246563449,1.66172116954,15.4663763909,14.8558297049,-86.9872131348,0.0,4.0,4.0,0.0,2.0,2.0,2.0,2.0,1,8
1907,352.0,44,11.3943285944,0.738478935946,0.0246715801003,13.8441083252,0.606694569284,15.9540719697,14.171875,82.8749833107,0.0,4.0,4.0,0.0,2.0,2.0,2.0,2.0,1,9
1908,353.5,39,10.8299145258,0.380203475164,0.226508898321,14.0491417555,1.56595721677,17.4691183404,12.1716171617,-72.3498840332,0.0,2.0,4.0,1.0,3.0,2.0,1.0,1.0,1,9
1909,292.5,49,9.68774348229,0.532726962294,0.14528006838,15.1618972085,0.684365815075,16.4883190883,16.4626780627,84.8055706024,0.0,3.0,4.0,1.0,2.0,2.0,1.0,3.0,0,2
1910,251.5,50,10.2183269377,0.611154981473,0.128856624319,13.6888204563,0.655172413793,16.0225314778,14.1703114645,90.0,0.0,3.0,3.0,0.0,2.0,1.0,2.0,1.0,0,7
1911,277.5,42,10.1809502531,0.561463271463,0.166734749609,15.3645390559,0.688427307494,16.5861861862,16.4924924925,84.8055706024,0.0,2.0,4.0,1.0,2.0,1.0,1.0,3.0,0,2
1912,263.5,43,10.7833124715,0.665267662124,0.0935797481847,13.7672432515,0.62635663115,16.6919671094,14.5641998735,87.3974380493,0.0,3.0,3.0,0.0,1.0,2.0,1.0,2.0,0,9
1913,269.0,55,9.98638251417,0.615574490636,0.0706075533662,14.5785680287,0.724137931034,14.5811648079,14.6040892193,90.0,0.0,4.0,3.0,0.0,2.0,1.0,2.0,2.0,0,5
1914,281.0,44,9.96427512854,0.644511753017,0.118226600985,14.0961500281,0.724137931034,17.6275207592,16.0260972716,90.0,0.0,2.0,4.0,1.0,2.0,1.0,1.0,3.0,0,2
1915,300.0,38,9.91979810172,0.860615618201,0.0910480310547,12.7641775839,1.81481483667,14.2905555556,15.2983333333,-86.1859207153,0.0,4.0,3.0,0.0,2.0,2.0,1.0,2.0,0,8
1916,240.0,47,10.1607303352,0.907772638376,0.0851926977688,13.3878310938,0.586206896552,13.7666666667,14.0451388889,90.0,0.0,3.0,3.0,0.0,2.0,1.0,1.0,2.0,0,5
1917,250.5,66,9.99100772276,0.397229692676,0.192328947132,12.3315815018,1.50847439883,15.8928809049,17.4657351963,-82.4053573608,0.0,3.0,4.0,0.0,1.0,2.0,2.0,2.0,0,4
1918,283.0,41,11.1392287226,0.555069305659,0.175606588145,13.8273593903,0.56886227103,16.3097762073,19.3274440518,68.1985931396,0.0,4.0,3.0,1.0,2.0,1.0,2.0,3.0,1,6
1919,424.0,38,12.0164514057,0.611154981473,0.117967332123,12.7970230233,0.655172413793,15.4245283019,15.7574685535,90.0,0.0,4.0,4.0,0.0,2.0,2.0,2.0,2.0,1,0
